{
  "version": 2,
  "name": "taller-ventas-ia",
  "builds": [
    {
      "src": "**/*",
      "use": "@vercel/static"
    }
  ],
  "routes": [
    {
      "src": "/downloads/(.*)",
      "dest": "/downloads/$1",
      "headers": {
        "Content-Disposition": "attachment",
        "Cache-Control": "no-cache"
      }
    },
    {
      "src": "/(.*)",
      "dest": "/$1"
    }
  ],
  "headers": [
    {
      "source": "/downloads/*.pdf",
      "headers": [
        {
          "key": "Content-Type",
          "value": "application/pdf"
        },
        {
          "key": "Content-Disposition",
          "value": "attachment"
        },
        {
          "key": "Cache-Control",
          "value": "no-cache, no-store, must-revalidate"
        }
      ]
    },
    {
      "source": "/downloads/*.odt",
      "headers": [
        {
          "key": "Content-Type",
          "value": "application/vnd.oasis.opendocument.text"
        },
        {
          "key": "Content-Disposition",
          "value": "attachment"
        },
        {
          "key": "Cache-Control",
          "value": "no-cache, no-store, must-revalidate"
        }
      ]
    },
    {
      "source": "/(.*)",
      "headers": [
        {
          "key": "X-Content-Type-Options",
          "value": "nosniff"
        },
        {
          "key": "X-Frame-Options",
          "value": "DENY"
        },
        {
          "key": "X-XSS-Protection",
          "value": "1; mode=block"
        }
      ]
    }
  ],
  "cleanUrls": true,
  "trailingSlash": false
}
